test_id,test_type,input_monday_update,expected_output,expected_output_type,evaluation_criteria,priority,active
GS_A001,analysis,Analyse le fichier main.py,"Le fichier main.py contient une API FastAPI avec 5 endpoints principaux: /health, /process, /status, /evaluation/run, /evaluation/report. Il utilise un agent VyData pour traiter les requ√™tes, int√®gre Monday.com et GitHub, et g√®re un workflow asynchrone avec LangGraph.",resultats_analyses,accuracy;completeness;clarity;data_quality;actionability,high,TRUE
GS_A002,analysis,Quelle est la structure du projet ?,"Le projet est structur√© en modules : services/ (logique m√©tier avec agent_service, workflow_service, human_validation_service), models/ (sch√©mas Pydantic), api/ (routes FastAPI), utils/ (logger, formatters), tools/ (monday_tool, github_tool), nodes/ (analyze_node, update_node, validation_node), data/ (bases de donn√©es et datasets)",resultats_analyses,accuracy;completeness;clarity;data_quality;actionability,high,TRUE
GS_A003,analysis,hello,"Bonjour ! üëã Je suis VyData, votre assistant IA de d√©veloppement. Je peux vous aider √† : analyser du code et l'architecture, r√©pondre √† vos questions techniques, cr√©er des Pull Requests sur GitHub, corriger des bugs, impl√©menter de nouvelles fonctionnalit√©s. Comment puis-je vous aider aujourd'hui ?",resultats_analyses,clarity;actionability,medium,TRUE
GS_A004,analysis,Explique comment fonctionne le service de validation humaine,"Le service de validation humaine (human_validation_service.py) permet de mettre en pause le workflow agent lorsqu'une validation manuelle est n√©cessaire. Il stocke les demandes en base de donn√©es, notifie via Monday.com, attend la r√©ponse humaine (approve/reject), puis reprend le workflow. Il utilise un syst√®me de locks pour √©viter les conflits et supporte un timeout configurable.",resultats_analyses,accuracy;completeness;clarity;data_quality;actionability,high,TRUE
GS_A005,analysis,Quels sont les outils disponibles pour l'agent ?,"L'agent dispose de plusieurs outils : monday_tool (lecture/√©criture sur Monday.com, gestion des colonnes et updates), github_tool (cr√©ation de branches, PRs, commits, analyse de code), search_tool (recherche s√©mantique dans le code), file_tool (lecture/√©criture de fichiers), et sql_tool (requ√™tes base de donn√©es pour l'historique).",resultats_analyses,accuracy;completeness;clarity;data_quality;actionability,high,TRUE
GS_A006,analysis,R√©sume le dernier commit sur la branche main,"Le dernier commit sur main (SHA: abc123def) a √©t√© effectu√© par Jean Dupont le 2025-11-05 √† 14:30. Message: 'feat: Add Excel support for golden datasets'. Fichiers modifi√©s: services/evaluation/excel_golden_dataset_service.py (+150 lignes), README.md (+20 lignes). Ce commit ajoute le support des datasets au format Excel.",resultats_analyses,accuracy;completeness;clarity;data_quality;actionability,medium,TRUE
GS_A007,analysis,Explique le workflow de l'agent,"Le workflow de l'agent suit ces √©tapes : 1) R√©ception d'un update Monday, 2) Analyse de la requ√™te (analyse_node), 3) D√©cision d'action (router), 4) Validation humaine si n√©cessaire, 5) Ex√©cution de l'action (cr√©ation PR ou analyse), 6) Mise √† jour Monday avec r√©sultats, 7) Enregistrement en base de donn√©es. Le workflow utilise LangGraph pour la gestion d'√©tat.",resultats_analyses,accuracy;completeness;clarity;data_quality;actionability,high,TRUE
GS_P001,pr,Cr√©e un formulaire de login avec validation,"PR #156 cr√©√©e avec succ√®s sur la branche feat/login-form : Impl√©mentation compl√®te avec LoginForm.tsx (composant React avec hooks), validation email (regex RFC 5322) et password (min 8 caract√®res, 1 majuscule, 1 chiffre, 1 caract√®re sp√©cial), LoginForm.test.tsx (10 tests Jest, couverture 95%), LoginForm.css (design moderne responsive), README.md mis √† jour avec exemples d'utilisation.",pr,accuracy;completeness;clarity;code_quality;actionability,high,TRUE
GS_P002,pr,Ajoute un endpoint GET /users avec pagination,"PR #157 cr√©√©e sur feat/users-endpoint : routes/users.js (endpoint GET /users avec query params limit/offset), controllers/userController.js (logique m√©tier avec gestion cache), middleware de validation des param√®tres, gestion erreurs (404 si aucun user, 500 si erreur serveur), tests d'int√©gration (test_users_endpoint.js avec 8 sc√©narios), documentation Swagger mise √† jour.",pr,accuracy;completeness;clarity;code_quality;actionability,high,TRUE
GS_P003,pr,Corrige le bug de gestion d'erreur dans getUserById,"PR #158 cr√©√©e sur fix/user-error-handling : Correction dans controllers/userController.js avec ajout de try-catch complet, retour HTTP 404 avec message explicite si user non trouv√©, retour HTTP 500 avec logging si erreur DB, ajout de tests pour les cas d'erreur (test_user_errors.js), pas de r√©gression sur les tests existants (100% passent).",pr,accuracy;completeness;clarity;code_quality;actionability,high,TRUE
GS_P004,pr,Ajoute des tests unitaires pour UserService,"PR #159 cr√©√©e sur test/user-service : tests/services/test_user_service.js avec 15 tests couvrant CRUD complet (createUser, getUser, updateUser, deleteUser), tests des cas d'erreur (validation, DB erreurs), mocks pour la base de donn√©es (tests/mocks/db_mock.js), couverture de code 92% sur UserService, tous les tests passent en 2.3s.",pr,accuracy;completeness;clarity;code_quality;actionability,high,TRUE
GS_P005,pr,Ajoute un fichier README.md avec documentation compl√®te,"PR #160 cr√©√©e sur docs/readme : README.md avec titre et description du projet, badges (build status, coverage, version), instructions d'installation (pr√©requis, commandes npm/pip), guide d'utilisation avec exemples de code, architecture du projet (diagramme + description), variables d'environnement n√©cessaires, contribution guidelines, licence MIT.",pr,accuracy;completeness;clarity;code_quality;actionability,medium,TRUE
GS_P006,pr,Impl√©mente un syst√®me de cache Redis,"PR #161 cr√©√©e sur feat/redis-cache : services/cache_service.js (wrapper Redis avec get/set/delete/flush), configuration Redis dans .env, middleware de cache pour les endpoints API fr√©quents, TTL configurable par endpoint, tests d'int√©gration avec Redis mock, documentation sur l'utilisation du cache, am√©lioration performance de 60% sur /users endpoint.",pr,accuracy;completeness;clarity;code_quality;actionability,high,TRUE
GS_A008,analysis,Quelles sont les d√©pendances principales du projet ?,"Les d√©pendances principales sont : FastAPI (framework web), LangChain et LangGraph (orchestration agent IA), Anthropic/OpenAI (LLMs), SQLAlchemy (ORM base de donn√©es), Pydantic (validation donn√©es), httpx (requ√™tes HTTP), pandas et openpyxl (manipulation Excel), pytest (tests), uvicorn (serveur ASGI). Voir requirements.txt pour la liste compl√®te avec versions.",resultats_analyses,accuracy;completeness;clarity;data_quality;actionability,medium,TRUE
GS_A009,analysis,Comment l'agent g√®re-t-il les erreurs ?,"L'agent g√®re les erreurs via plusieurs m√©canismes : try-catch dans chaque node du workflow, logging d√©taill√© avec niveaux (ERROR, WARNING, INFO), sauvegarde des erreurs en base de donn√©es, notification sur Monday.com en cas d'√©chec, retry automatique (max 3 fois) avec backoff exponentiel, fallback vers validation humaine si erreur critique, m√©triques d'erreurs dans les rapports.",resultats_analyses,accuracy;completeness;clarity;data_quality;actionability,high,TRUE
GS_A010,analysis,D√©cris le syst√®me de validation humaine,"Le syst√®me de validation humaine permet de solliciter un humain pendant le workflow : cr√©ation d'une demande (HumanValidationRequest), stockage en DB avec statut 'pending', notification Monday avec d√©tails et boutons d'action, pause du workflow (lock), attente de la r√©ponse (polling ou webhook), r√©cup√©ration de la d√©cision (approved/rejected + feedback), reprise du workflow, timeout apr√®s 24h par d√©faut.",resultats_analyses,accuracy;completeness;clarity;data_quality;actionability,high,TRUE

